order_id,region,amount,latency_ms,created_at,coupon
1000,ap-hyderabad-1,73.39,62.7,2026-09-01T23:00:00Z,SAVE10
1001,ap-hyderabad-1,62.46,101.3,2026-09-01T01:00:00Z,SAVE10
1002,ap-mumbai-1,60.54,151.3,2026-09-01T18:00:00Z,
1003,ap-hyderabad-1,76.64,165.8,2026-09-01T12:00:00Z,
1004,ap-hyderabad-1,52.3,111.2,2026-09-01T00:00:00Z,SAVE10
1005,ap-mumbai-1,71.67,116.3,2026-09-01T05:00:00Z,
1006,us-ashburn-1,54.07,104.8,2026-09-01T22:00:00Z,
1007,us-ashburn-1,80.52,123.5,2026-09-01T04:00:00Z,
1008,ap-mumbai-1,36.92,102.7,2026-09-01T22:00:00Z,SAVE10
1009,ap-mumbai-1,42.7,122.6,2026-09-01T15:00:00Z,SAVE10
1010,ap-mumbai-1,105.29,97.2,2026-09-01T11:00:00Z,SAVE10
1011,ap-mumbai-1,42.47,144.5,2026-09-01T00:00:00Z,SAVE10
1012,ap-hyderabad-1,69.66,116.4,2026-09-01T07:00:00Z,SAVE10
1013,us-ashburn-1,45.07,144.1,2026-09-01T14:00:00Z,
1014,ap-hyderabad-1,63.47,114.7,2026-09-01T02:00:00Z,
1015,ap-hyderabad-1,69.59,136.1,2026-09-01T22:00:00Z,SAVE10
1016,ap-mumbai-1,63.55,129.1,2026-09-01T04:00:00Z,SAVE10
1017,ap-mumbai-1,58.47,109.9,2026-09-01T19:00:00Z,SAVE10
1018,ap-mumbai-1,28.91,94.0,2026-09-01T14:00:00Z,SAVE10
1019,ap-mumbai-1,36.78,85.7,2026-09-01T10:00:00Z,SAVE10
1020,ap-mumbai-1,86.83,109.1,2026-09-01T13:00:00Z,
1021,ap-mumbai-1,69.37,102.7,2026-09-01T14:00:00Z,SAVE10
1022,ap-hyderabad-1,9.72,111.2,2026-09-01T22:00:00Z,SAVE10
1023,ap-mumbai-1,50.74,128.0,2026-09-01T12:00:00Z,SAVE10
1024,ap-hyderabad-1,97.14,100.7,2026-09-01T05:00:00Z,
1025,ap-mumbai-1,72.74,102.5,2026-09-01T11:00:00Z,SAVE10
1026,ap-hyderabad-1,39.58,149.5,2026-09-01T08:00:00Z,SAVE10
1027,ap-mumbai-1,49.36,58.7,2026-09-01T10:00:00Z,SAVE10
1028,ap-hyderabad-1,45.46,114.5,2026-09-01T21:00:00Z,
1029,ap-mumbai-1,51.33,99.2,2026-09-01T08:00:00Z,SAVE10
1030,ap-hyderabad-1,37.37,158.9,2026-09-01T22:00:00Z,SAVE10
1031,ap-mumbai-1,95.2,174.5,2026-09-01T06:00:00Z,SAVE10
1032,us-ashburn-1,48.52,82.8,2026-09-01T23:00:00Z,SAVE10
1033,ap-hyderabad-1,13.3,113.9,2026-09-01T09:00:00Z,SAVE10
1034,ap-hyderabad-1,59.13,114.2,2026-09-01T05:00:00Z,SAVE10
1035,ap-hyderabad-1,60.71,104.2,2026-09-01T22:00:00Z,
1036,ap-mumbai-1,70.09,124.5,2026-09-01T10:00:00Z,SAVE10
1037,ap-mumbai-1,43.96,131.8,2026-09-01T21:00:00Z,SAVE10
1038,ap-hyderabad-1,60.6,119.5,2026-09-01T12:00:00Z,SAVE10
1039,us-ashburn-1,50.56,90.8,2026-09-01T01:00:00Z,SAVE10
1040,ap-mumbai-1,11.02,115.1,2026-09-01T09:00:00Z,SAVE10
1041,us-ashburn-1,71.06,86.9,2026-09-01T11:00:00Z,SAVE10
1042,ap-mumbai-1,46.81,122.4,2026-09-01T04:00:00Z,SAVE10
1043,ap-mumbai-1,69.56,120.1,2026-09-01T18:00:00Z,SAVE10
1044,ap-hyderabad-1,78.4,97.4,2026-09-01T13:00:00Z,SAVE10
1045,ap-mumbai-1,79.26,115.8,2026-09-01T05:00:00Z,SAVE10
1046,ap-mumbai-1,39.28,120.6,2026-09-01T10:00:00Z,SAVE10
1047,ap-mumbai-1,62.73,124.3,2026-09-01T21:00:00Z,SAVE10
1048,ap-mumbai-1,67.41,74.1,2026-09-01T00:00:00Z,SAVE10
1049,ap-hyderabad-1,54.6,121.1,2026-09-01T15:00:00Z,
1050,ap-mumbai-1,52.66,153.0,2026-09-01T15:00:00Z,SAVE10
1051,us-ashburn-1,62.85,117.2,2026-09-01T04:00:00Z,SAVE10
1052,ap-hyderabad-1,52.87,149.4,2026-09-01T14:00:00Z,SAVE10
1053,ap-hyderabad-1,61.01,121.4,2026-09-01T17:00:00Z,SAVE10
1054,us-ashburn-1,56.71,118.8,2026-09-01T13:00:00Z,SAVE10
1055,ap-hyderabad-1,36.52,80.2,2026-09-01T12:00:00Z,SAVE10
1056,ap-hyderabad-1,78.01,103.4,2026-09-01T02:00:00Z,SAVE10
1057,ap-mumbai-1,34.85,102.2,2026-09-01T15:00:00Z,SAVE10
1058,ap-mumbai-1,37.64,111.1,2026-09-01T10:00:00Z,SAVE10
1059,ap-mumbai-1,90.99,132.2,2026-09-01T08:00:00Z,SAVE10
1060,ap-hyderabad-1,91.62,126.4,2026-09-01T02:00:00Z,SAVE10
1061,ap-hyderabad-1,67.69,105.3,2026-09-01T20:00:00Z,SAVE10
1062,ap-mumbai-1,91.26,118.5,2026-09-01T14:00:00Z,
1063,ap-hyderabad-1,74.78,149.6,2026-09-01T01:00:00Z,SAVE10
1064,ap-hyderabad-1,55.14,152.0,2026-09-01T03:00:00Z,SAVE10
1065,us-ashburn-1,44.19,129.0,2026-09-01T19:00:00Z,SAVE10
1066,ap-mumbai-1,69.38,113.0,2026-09-01T09:00:00Z,
1067,ap-hyderabad-1,81.52,103.0,2026-09-01T19:00:00Z,
1068,ap-mumbai-1,68.1,102.3,2026-09-01T04:00:00Z,SAVE10
1069,us-ashburn-1,51.87,128.5,2026-09-01T00:00:00Z,SAVE10
1070,ap-mumbai-1,68.68,127.0,2026-09-01T19:00:00Z,SAVE10
1071,ap-mumbai-1,69.29,117.3,2026-09-01T16:00:00Z,
1072,ap-hyderabad-1,88.77,170.0,2026-09-01T21:00:00Z,SAVE10
1073,ap-hyderabad-1,79.75,104.6,2026-09-01T06:00:00Z,
1074,ap-hyderabad-1,61.69,142.4,2026-09-01T19:00:00Z,SAVE10
1075,ap-hyderabad-1,56.79,96.8,2026-09-01T09:00:00Z,SAVE10
1076,ap-mumbai-1,33.36,116.3,2026-09-01T18:00:00Z,
1077,ap-mumbai-1,72.5,123.7,2026-09-01T06:00:00Z,
1078,us-ashburn-1,60.04,119.3,2026-09-01T15:00:00Z,SAVE10
1079,us-ashburn-1,50.11,144.9,2026-09-01T06:00:00Z,
1080,ap-mumbai-1,28.97,153.9,2026-09-01T04:00:00Z,SAVE10
1081,ap-mumbai-1,60.07,82.7,2026-09-01T01:00:00Z,SAVE10
1082,ap-mumbai-1,27.94,163.2,2026-09-01T22:00:00Z,
1083,ap-mumbai-1,79.54,156.4,2026-09-01T10:00:00Z,
1084,ap-hyderabad-1,66.95,134.3,2026-09-01T00:00:00Z,SAVE10
1085,ap-hyderabad-1,86.62,99.4,2026-09-01T21:00:00Z,SAVE10
1086,ap-mumbai-1,56.48,80.5,2026-09-01T05:00:00Z,SAVE10
1087,ap-mumbai-1,86.36,129.3,2026-09-01T23:00:00Z,SAVE10
1088,ap-mumbai-1,63.76,94.7,2026-09-01T01:00:00Z,
1089,us-ashburn-1,16.55,96.4,2026-09-01T22:00:00Z,
1090,us-ashburn-1,66.11,116.7,2026-09-01T07:00:00Z,SAVE10
1091,ap-mumbai-1,96.16,134.0,2026-09-01T14:00:00Z,SAVE10
1092,ap-mumbai-1,72.38,117.2,2026-09-01T16:00:00Z,SAVE10
1093,ap-mumbai-1,91.71,100.4,2026-09-01T02:00:00Z,SAVE10
1094,us-ashburn-1,68.64,106.4,2026-09-01T00:00:00Z,SAVE10
1095,ap-mumbai-1,62.76,89.8,2026-09-01T04:00:00Z,SAVE10
1096,us-ashburn-1,24.47,134.7,2026-09-01T07:00:00Z,SAVE10
1097,ap-mumbai-1,62.92,100.8,2026-09-01T12:00:00Z,SAVE10
1098,ap-mumbai-1,60.27,130.5,2026-09-01T13:00:00Z,SAVE10
1099,ap-hyderabad-1,44.89,120.9,2026-09-01T22:00:00Z,
1100,ap-mumbai-1,77.02,135.2,2026-09-01T10:00:00Z,SAVE10
1101,ap-hyderabad-1,49.38,177.9,2026-09-01T04:00:00Z,SAVE10
1102,ap-mumbai-1,32.15,68.4,2026-09-01T23:00:00Z,
1103,ap-mumbai-1,68.74,89.8,2026-09-01T10:00:00Z,
1104,ap-mumbai-1,52.64,101.7,2026-09-01T02:00:00Z,SAVE10
1105,ap-hyderabad-1,98.14,165.7,2026-09-01T11:00:00Z,SAVE10
1106,ap-mumbai-1,84.35,123.2,2026-09-01T04:00:00Z,SAVE10
1107,ap-mumbai-1,27.69,96.3,2026-09-01T23:00:00Z,SAVE10
1108,ap-mumbai-1,52.39,109.8,2026-09-01T13:00:00Z,SAVE10
1109,ap-mumbai-1,79.14,105.9,2026-09-01T13:00:00Z,
1110,ap-mumbai-1,72.06,144.0,2026-09-01T15:00:00Z,SAVE10
1111,ap-mumbai-1,54.27,124.0,2026-09-01T00:00:00Z,
1112,ap-hyderabad-1,74.71,103.1,2026-09-01T06:00:00Z,
1113,us-ashburn-1,26.15,115.8,2026-09-01T07:00:00Z,SAVE10
1114,us-ashburn-1,37.3,73.3,2026-09-01T01:00:00Z,SAVE10
1115,ap-mumbai-1,71.4,94.7,2026-09-01T01:00:00Z,
1116,ap-mumbai-1,51.16,175.2,2026-09-01T10:00:00Z,SAVE10
1117,ap-mumbai-1,71.2,129.0,2026-09-01T22:00:00Z,
1118,ap-hyderabad-1,67.92,142.8,2026-09-01T10:00:00Z,SAVE10
1119,ap-hyderabad-1,34.88,119.8,2026-09-01T22:00:00Z,SAVE10
1120,us-ashburn-1,87.28,102.3,2026-09-01T21:00:00Z,
1121,ap-mumbai-1,63.9,118.7,2026-09-01T16:00:00Z,
1122,ap-mumbai-1,64.08,86.0,2026-09-01T22:00:00Z,SAVE10
1123,us-ashburn-1,73.2,112.1,2026-09-01T01:00:00Z,SAVE10
1124,ap-hyderabad-1,84.36,97.0,2026-09-01T23:00:00Z,SAVE10
1125,ap-hyderabad-1,68.51,126.9,2026-09-01T10:00:00Z,SAVE10
1126,ap-hyderabad-1,79.89,120.5,2026-09-01T05:00:00Z,SAVE10
1127,ap-hyderabad-1,52.24,100.2,2026-09-01T10:00:00Z,
1128,ap-hyderabad-1,55.81,96.4,2026-09-01T03:00:00Z,
1129,ap-mumbai-1,29.3,83.0,2026-09-01T05:00:00Z,
1130,ap-mumbai-1,45.51,93.0,2026-09-01T20:00:00Z,SAVE10
1131,us-ashburn-1,41.75,133.1,2026-09-01T16:00:00Z,SAVE10
1132,ap-mumbai-1,96.2,146.5,2026-09-01T10:00:00Z,
1133,ap-mumbai-1,34.87,107.0,2026-09-01T05:00:00Z,SAVE10
1134,ap-mumbai-1,64.1,98.2,2026-09-01T02:00:00Z,
1135,ap-mumbai-1,76.88,114.2,2026-09-01T14:00:00Z,SAVE10
1136,us-ashburn-1,47.42,74.7,2026-09-01T15:00:00Z,SAVE10
1137,ap-mumbai-1,73.82,134.6,2026-09-01T11:00:00Z,SAVE10
1138,ap-mumbai-1,56.81,74.1,2026-09-01T05:00:00Z,SAVE10
1139,us-ashburn-1,23.39,74.2,2026-09-01T03:00:00Z,SAVE10
1140,us-ashburn-1,54.46,133.8,2026-09-01T21:00:00Z,SAVE10
1141,ap-hyderabad-1,80.9,109.9,2026-09-01T00:00:00Z,
1142,ap-hyderabad-1,50.54,93.3,2026-09-01T10:00:00Z,SAVE10
1143,ap-mumbai-1,56.99,99.4,2026-09-01T03:00:00Z,SAVE10
1144,us-ashburn-1,66.17,141.6,2026-09-01T04:00:00Z,
1145,ap-mumbai-1,66.35,88.2,2026-09-01T09:00:00Z,SAVE10
1146,us-ashburn-1,47.14,127.3,2026-09-01T07:00:00Z,
1147,ap-hyderabad-1,84.86,113.6,2026-09-01T13:00:00Z,SAVE10
1148,ap-hyderabad-1,68.03,115.6,2026-09-01T11:00:00Z,
1149,ap-mumbai-1,83.11,155.3,2026-09-01T00:00:00Z,
1150,ap-mumbai-1,53.43,119.1,2026-09-01T06:00:00Z,
1151,us-ashburn-1,10.36,112.5,2026-09-01T19:00:00Z,SAVE10
1152,ap-hyderabad-1,78.88,128.2,2026-09-01T16:00:00Z,SAVE10
1153,ap-hyderabad-1,42.6,91.9,2026-09-01T01:00:00Z,
1154,ap-mumbai-1,74.25,77.0,2026-09-01T13:00:00Z,SAVE10
1155,ap-mumbai-1,61.65,67.3,2026-09-01T04:00:00Z,SAVE10
1156,ap-mumbai-1,77.02,131.1,2026-09-01T12:00:00Z,SAVE10
1157,ap-mumbai-1,53.26,156.1,2026-09-01T03:00:00Z,SAVE10
1158,ap-hyderabad-1,57.93,113.8,2026-09-01T13:00:00Z,SAVE10
1159,ap-mumbai-1,84.04,63.9,2026-09-01T19:00:00Z,SAVE10
1160,ap-mumbai-1,41.65,146.1,2026-09-01T00:00:00Z,
1161,ap-mumbai-1,60.47,95.9,2026-09-01T06:00:00Z,
1162,ap-hyderabad-1,57.42,109.6,2026-09-01T03:00:00Z,
1163,ap-mumbai-1,80.96,102.5,2026-09-01T14:00:00Z,SAVE10
1164,ap-mumbai-1,57.94,151.3,2026-09-01T23:00:00Z,SAVE10
1165,ap-mumbai-1,63.29,121.5,2026-09-01T06:00:00Z,SAVE10
1166,ap-hyderabad-1,61.81,111.8,2026-09-01T16:00:00Z,
1167,ap-hyderabad-1,64.24,88.5,2026-09-01T14:00:00Z,SAVE10
1168,ap-hyderabad-1,43.12,142.3,2026-09-01T22:00:00Z,SAVE10
1169,ap-hyderabad-1,32.13,153.6,2026-09-01T18:00:00Z,SAVE10
1170,ap-mumbai-1,57.88,89.4,2026-09-01T12:00:00Z,
1171,ap-hyderabad-1,45.68,138.3,2026-09-01T14:00:00Z,SAVE10
1172,ap-mumbai-1,65.82,146.5,2026-09-01T01:00:00Z,SAVE10
1173,ap-mumbai-1,47.16,136.2,2026-09-01T08:00:00Z,SAVE10
1174,ap-mumbai-1,59.96,125.6,2026-09-01T08:00:00Z,SAVE10
1175,ap-hyderabad-1,56.56,171.0,2026-09-01T14:00:00Z,SAVE10
1176,us-ashburn-1,20.53,98.4,2026-09-01T11:00:00Z,SAVE10
1177,ap-mumbai-1,70.48,93.9,2026-09-01T20:00:00Z,
1178,ap-hyderabad-1,55.04,86.2,2026-09-01T19:00:00Z,SAVE10
1179,ap-hyderabad-1,51.26,81.7,2026-09-01T18:00:00Z,
1180,ap-mumbai-1,34.95,77.5,2026-09-01T23:00:00Z,SAVE10
1181,us-ashburn-1,57.02,145.2,2026-09-01T09:00:00Z,
1182,ap-mumbai-1,61.24,89.9,2026-09-01T15:00:00Z,SAVE10
1183,ap-mumbai-1,55.94,180.3,2026-09-01T06:00:00Z,SAVE10
1184,ap-mumbai-1,46.31,99.3,2026-09-01T16:00:00Z,SAVE10
1185,ap-mumbai-1,29.55,122.1,2026-09-01T14:00:00Z,SAVE10
1186,ap-mumbai-1,36.45,133.0,2026-09-01T16:00:00Z,SAVE10
1187,us-ashburn-1,49.09,97.8,2026-09-01T08:00:00Z,SAVE10
1188,ap-mumbai-1,58.91,143.5,2026-09-01T16:00:00Z,
1189,ap-hyderabad-1,69.58,116.6,2026-09-01T03:00:00Z,SAVE10
1190,ap-mumbai-1,74.77,92.6,2026-09-01T01:00:00Z,SAVE10
1191,ap-hyderabad-1,42.71,156.7,2026-09-01T03:00:00Z,SAVE10
1192,ap-mumbai-1,89.2,135.6,2026-09-01T13:00:00Z,SAVE10
1193,ap-mumbai-1,65.15,123.0,2026-09-01T03:00:00Z,SAVE10
1194,us-ashburn-1,76.46,135.8,2026-09-01T07:00:00Z,SAVE10
1195,us-ashburn-1,42.45,89.2,2026-09-01T10:00:00Z,SAVE10
1196,us-ashburn-1,87.34,145.7,2026-09-01T03:00:00Z,SAVE10
1197,ap-mumbai-1,49.91,99.0,2026-09-01T03:00:00Z,
1198,ap-hyderabad-1,47.68,127.5,2026-09-01T16:00:00Z,SAVE10
1199,ap-mumbai-1,65.5,134.8,2026-09-01T22:00:00Z,SAVE10
1200,ap-mumbai-1,80.78,109.5,2026-09-01T14:00:00Z,SAVE10
1201,ap-hyderabad-1,59.56,135.1,2026-09-01T20:00:00Z,
1202,ap-mumbai-1,51.51,111.8,2026-09-01T06:00:00Z,SAVE10
1203,us-ashburn-1,46.25,126.2,2026-09-01T07:00:00Z,
1204,ap-mumbai-1,31.17,86.3,2026-09-01T05:00:00Z,SAVE10
1205,ap-mumbai-1,81.09,96.8,2026-09-01T22:00:00Z,
1206,ap-hyderabad-1,61.61,97.4,2026-09-01T18:00:00Z,SAVE10
1207,us-ashburn-1,33.03,115.5,2026-09-01T19:00:00Z,SAVE10
1208,us-ashburn-1,41.86,132.5,2026-09-01T04:00:00Z,
1209,ap-mumbai-1,82.63,125.9,2026-09-01T05:00:00Z,SAVE10
1210,us-ashburn-1,26.49,142.8,2026-09-01T21:00:00Z,SAVE10
1211,us-ashburn-1,45.63,153.7,2026-09-01T00:00:00Z,
1212,ap-mumbai-1,68.72,78.4,2026-09-01T11:00:00Z,
1213,ap-hyderabad-1,69.84,131.5,2026-09-01T05:00:00Z,SAVE10
1214,ap-mumbai-1,48.51,100.0,2026-09-01T20:00:00Z,SAVE10
1215,ap-hyderabad-1,64.09,137.6,2026-09-01T02:00:00Z,SAVE10
1216,ap-hyderabad-1,48.68,158.2,2026-09-01T11:00:00Z,SAVE10
1217,ap-hyderabad-1,66.94,80.7,2026-09-01T08:00:00Z,SAVE10
1218,ap-mumbai-1,47.37,123.7,2026-09-01T06:00:00Z,
1219,ap-mumbai-1,67.43,93.1,2026-09-01T16:00:00Z,
1220,ap-hyderabad-1,42.99,101.8,2026-09-01T19:00:00Z,SAVE10
1221,ap-hyderabad-1,57.0,116.6,2026-09-01T14:00:00Z,SAVE10
1222,ap-mumbai-1,55.08,129.7,2026-09-01T11:00:00Z,SAVE10
1223,ap-mumbai-1,66.76,121.8,2026-09-01T06:00:00Z,SAVE10
1224,ap-mumbai-1,100.61,104.7,2026-09-01T22:00:00Z,
1225,ap-mumbai-1,90.63,170.9,2026-09-01T08:00:00Z,SAVE10
1226,ap-hyderabad-1,79.36,90.8,2026-09-01T02:00:00Z,SAVE10
1227,us-ashburn-1,34.62,138.5,2026-09-01T21:00:00Z,SAVE10
1228,us-ashburn-1,58.53,103.3,2026-09-01T18:00:00Z,
1229,ap-hyderabad-1,68.79,148.8,2026-09-01T05:00:00Z,SAVE10
1230,ap-mumbai-1,52.77,130.6,2026-09-01T09:00:00Z,
1231,ap-hyderabad-1,91.23,106.8,2026-09-01T22:00:00Z,SAVE10
1232,us-ashburn-1,39.07,170.4,2026-09-01T02:00:00Z,SAVE10
1233,ap-mumbai-1,56.75,96.3,2026-09-01T15:00:00Z,
1234,ap-hyderabad-1,34.8,178.0,2026-09-01T13:00:00Z,
1235,ap-mumbai-1,66.38,103.8,2026-09-01T09:00:00Z,
1236,ap-hyderabad-1,51.7,121.0,2026-09-01T20:00:00Z,SAVE10
1237,ap-mumbai-1,45.31,132.1,2026-09-01T01:00:00Z,SAVE10
1238,ap-hyderabad-1,51.76,118.8,2026-09-01T20:00:00Z,SAVE10
1239,ap-hyderabad-1,18.98,124.2,2026-09-01T06:00:00Z,SAVE10
1240,ap-mumbai-1,52.7,123.0,2026-09-01T21:00:00Z,SAVE10
1241,us-ashburn-1,53.43,114.8,2026-09-01T12:00:00Z,
1242,ap-mumbai-1,68.07,116.4,2026-09-01T10:00:00Z,SAVE10
1243,ap-mumbai-1,42.9,161.9,2026-09-01T15:00:00Z,SAVE10
1244,ap-hyderabad-1,64.79,113.8,2026-09-01T07:00:00Z,SAVE10
1245,ap-mumbai-1,78.78,100.5,2026-09-01T16:00:00Z,SAVE10
1246,us-ashburn-1,32.1,131.0,2026-09-01T19:00:00Z,SAVE10
1247,us-ashburn-1,76.28,128.6,2026-09-01T01:00:00Z,SAVE10
1248,ap-mumbai-1,49.53,111.6,2026-09-01T14:00:00Z,
1249,ap-mumbai-1,33.77,99.3,2026-09-01T01:00:00Z,
1250,ap-mumbai-1,53.71,155.7,2026-09-01T01:00:00Z,SAVE10
1251,ap-mumbai-1,1,105.2,2026-09-01T18:00:00Z,SAVE10
1252,us-ashburn-1,67.19,107.2,2026-09-01T15:00:00Z,SAVE10
1253,us-ashburn-1,45.23,127.6,2026-09-01T10:00:00Z,SAVE10
1254,us-ashburn-1,102.42,53.3,2026-09-01T04:00:00Z,
1255,us-ashburn-1,52.11,132.3,2026-09-01T13:00:00Z,
1256,ap-hyderabad-1,63.95,133.7,2026-09-01T19:00:00Z,SAVE10
1257,ap-mumbai-1,64.51,135.4,2026-09-01T12:00:00Z,
1258,ap-mumbai-1,17.0,118.8,2026-09-01T17:00:00Z,SAVE10
1259,ap-mumbai-1,84.42,169.7,2026-09-01T01:00:00Z,
1260,ap-mumbai-1,72.61,174.1,2026-09-01T10:00:00Z,SAVE10
1261,ap-mumbai-1,69.99,122.6,2026-09-01T06:00:00Z,
1262,ap-hyderabad-1,82.84,99.0,2026-09-01T23:00:00Z,SAVE10
1263,us-ashburn-1,49.29,142.0,2026-09-01T08:00:00Z,SAVE10
1264,ap-mumbai-1,97.16,109.0,2026-09-01T09:00:00Z,SAVE10
1265,ap-mumbai-1,59.29,78.0,2026-09-01T17:00:00Z,
1266,ap-hyderabad-1,29.63,123.7,2026-09-01T00:00:00Z,SAVE10
1267,ap-mumbai-1,60.33,144.0,2026-09-01T19:00:00Z,SAVE10
1268,us-ashburn-1,45.25,107.9,2026-09-01T12:00:00Z,SAVE10
1269,ap-mumbai-1,74.3,92.1,2026-09-01T14:00:00Z,
1270,ap-mumbai-1,60.29,122.6,2026-09-01T09:00:00Z,
1271,ap-mumbai-1,51.52,106.1,2026-09-01T23:00:00Z,
1272,ap-hyderabad-1,38.26,98.7,2026-09-01T23:00:00Z,SAVE10
1273,ap-mumbai-1,54.72,138.0,2026-09-01T19:00:00Z,
1274,ap-mumbai-1,87.2,143.2,2026-09-01T11:00:00Z,SAVE10
1275,us-ashburn-1,63.32,120.4,2026-09-01T05:00:00Z,SAVE10
1276,ap-hyderabad-1,55.9,147.7,2026-09-01T19:00:00Z,SAVE10
1277,ap-mumbai-1,33.04,109.5,2026-09-01T23:00:00Z,
1278,us-ashburn-1,43.29,120.2,2026-09-01T00:00:00Z,
1279,ap-hyderabad-1,67.37,102.4,2026-09-01T20:00:00Z,SAVE10
1280,ap-hyderabad-1,74.29,122.4,2026-09-01T08:00:00Z,SAVE10
1281,ap-mumbai-1,78.28,130.3,2026-09-01T04:00:00Z,SAVE10
1282,us-ashburn-1,66.62,116.6,2026-09-01T12:00:00Z,SAVE10
1283,ap-mumbai-1,50.61,100.9,2026-09-01T21:00:00Z,
1284,ap-mumbai-1,54.71,106.7,2026-09-01T12:00:00Z,SAVE10
1285,ap-hyderabad-1,63.36,154.2,2026-09-01T19:00:00Z,SAVE10
1286,ap-mumbai-1,40.18,134.2,2026-09-01T23:00:00Z,
1287,us-ashburn-1,31.8,122.1,2026-09-01T07:00:00Z,SAVE10
1288,ap-mumbai-1,68.09,117.2,2026-09-01T14:00:00Z,SAVE10
1289,ap-hyderabad-1,67.18,109.2,2026-09-01T15:00:00Z,SAVE10
1290,ap-hyderabad-1,64.73,125.0,2026-09-01T02:00:00Z,SAVE10
1291,ap-mumbai-1,62.98,123.5,2026-09-01T13:00:00Z,SAVE10
1292,ap-hyderabad-1,80.97,90.4,2026-09-01T05:00:00Z,SAVE10
1293,ap-mumbai-1,54.13,117.0,2026-09-01T18:00:00Z,SAVE10
1294,ap-mumbai-1,76.83,173.5,2026-09-01T08:00:00Z,SAVE10
1295,ap-mumbai-1,53.04,123.2,2026-09-01T15:00:00Z,SAVE10
1296,ap-mumbai-1,58.91,143.7,2026-09-01T00:00:00Z,SAVE10
1297,ap-hyderabad-1,56.64,137.8,2026-09-01T11:00:00Z,SAVE10
1298,us-ashburn-1,45.76,113.1,2026-09-01T17:00:00Z,SAVE10
1299,ap-mumbai-1,62.07,108.5,2026-09-01T14:00:00Z,SAVE10
1300,ap-mumbai-1,63.18,141.8,2026-09-01T05:00:00Z,
1301,us-ashburn-1,75.5,120.4,2026-09-01T16:00:00Z,SAVE10
1302,ap-hyderabad-1,77.11,120.9,2026-09-01T14:00:00Z,
1303,ap-hyderabad-1,26.37,168.7,2026-09-01T09:00:00Z,
1304,ap-mumbai-1,82.85,121.3,2026-09-01T23:00:00Z,SAVE10
1305,ap-mumbai-1,62.58,101.6,2026-09-01T13:00:00Z,
1306,ap-hyderabad-1,40.15,118.8,2026-09-01T06:00:00Z,SAVE10
1307,ap-hyderabad-1,52.44,130.5,2026-09-01T00:00:00Z,
1308,ap-hyderabad-1,81.78,113.1,2026-09-01T17:00:00Z,
1309,ap-mumbai-1,69.83,167.3,2026-09-01T15:00:00Z,
1310,ap-mumbai-1,84.65,113.4,2026-09-01T22:00:00Z,SAVE10
1311,ap-hyderabad-1,71.65,125.1,2026-09-01T07:00:00Z,SAVE10
1312,us-ashburn-1,63.73,137.7,2026-09-01T02:00:00Z,SAVE10
1313,ap-mumbai-1,109.51,97.8,2026-09-01T20:00:00Z,SAVE10
1314,ap-hyderabad-1,97.92,103.9,2026-09-01T15:00:00Z,
1315,ap-mumbai-1,31.14,128.8,2026-09-01T11:00:00Z,SAVE10
1316,us-ashburn-1,74.51,129.0,2026-09-01T20:00:00Z,SAVE10
1317,ap-mumbai-1,59.19,95.9,2026-09-01T05:00:00Z,SAVE10
1318,ap-mumbai-1,43.39,104.1,2026-09-01T07:00:00Z,SAVE10
1319,ap-hyderabad-1,100.44,130.0,2026-09-01T03:00:00Z,SAVE10
1320,us-ashburn-1,18.7,111.7,2026-09-01T21:00:00Z,SAVE10
1321,ap-mumbai-1,61.86,132.0,2026-09-01T01:00:00Z,SAVE10
1322,ap-mumbai-1,69.93,138.7,2026-09-01T09:00:00Z,SAVE10
1323,ap-mumbai-1,65.56,116.7,2026-09-01T14:00:00Z,SAVE10
1324,ap-mumbai-1,68.46,117.7,2026-09-01T04:00:00Z,SAVE10
1325,ap-hyderabad-1,50.43,94.3,2026-09-01T12:00:00Z,SAVE10
1326,ap-hyderabad-1,40.74,96.9,2026-09-01T22:00:00Z,SAVE10
1327,ap-mumbai-1,28.77,116.6,2026-09-01T18:00:00Z,SAVE10
1328,ap-mumbai-1,89.55,125.3,2026-09-01T11:00:00Z,SAVE10
1329,ap-hyderabad-1,78.39,140.1,2026-09-01T21:00:00Z,SAVE10
1330,ap-mumbai-1,49.83,103.8,2026-09-01T06:00:00Z,SAVE10
1331,ap-hyderabad-1,68.13,102.1,2026-09-01T19:00:00Z,SAVE10
1332,ap-mumbai-1,57.91,126.1,2026-09-01T09:00:00Z,SAVE10
1333,ap-mumbai-1,51.29,103.8,2026-09-01T02:00:00Z,SAVE10
1334,ap-mumbai-1,35.89,139.8,2026-09-01T03:00:00Z,SAVE10
1335,us-ashburn-1,40.1,133.3,2026-09-01T11:00:00Z,SAVE10
1336,ap-hyderabad-1,94.83,57.5,2026-09-01T23:00:00Z,SAVE10
1337,ap-mumbai-1,54.15,91.6,2026-09-01T23:00:00Z,
1338,ap-mumbai-1,47.89,109.8,2026-09-01T01:00:00Z,SAVE10
1339,ap-mumbai-1,66.37,156.3,2026-09-01T22:00:00Z,
1340,ap-hyderabad-1,46.38,117.9,2026-09-01T19:00:00Z,SAVE10
1341,ap-mumbai-1,35.79,133.0,2026-09-01T09:00:00Z,
1342,ap-mumbai-1,40.45,146.8,2026-09-01T15:00:00Z,
1343,ap-mumbai-1,52.68,110.2,2026-09-01T01:00:00Z,SAVE10
1344,ap-mumbai-1,40.73,149.5,2026-09-01T20:00:00Z,SAVE10
1345,ap-mumbai-1,69.54,94.2,2026-09-01T21:00:00Z,SAVE10
1346,ap-mumbai-1,90.74,105.7,2026-09-01T22:00:00Z,SAVE10
1347,ap-mumbai-1,14.22,107.9,2026-09-01T10:00:00Z,SAVE10
1348,us-ashburn-1,74.01,129.6,2026-09-01T02:00:00Z,
1349,ap-hyderabad-1,66.56,108.6,2026-09-01T06:00:00Z,SAVE10
1350,us-ashburn-1,70.09,99.0,2026-09-01T19:00:00Z,SAVE10
1351,us-ashburn-1,94.24,90.9,2026-09-01T21:00:00Z,SAVE10
1352,ap-mumbai-1,67.02,96.9,2026-09-01T19:00:00Z,SAVE10
1353,ap-mumbai-1,81.52,122.0,2026-09-01T06:00:00Z,
1354,ap-mumbai-1,58.91,149.1,2026-09-01T02:00:00Z,SAVE10
1355,ap-mumbai-1,76.69,160.2,2026-09-01T01:00:00Z,SAVE10
1356,ap-hyderabad-1,25.73,101.9,2026-09-01T03:00:00Z,SAVE10
1357,ap-mumbai-1,74.39,94.7,2026-09-01T07:00:00Z,SAVE10
1358,us-ashburn-1,52.99,128.6,2026-09-01T03:00:00Z,SAVE10
1359,ap-mumbai-1,29.17,164.2,2026-09-01T14:00:00Z,SAVE10
1360,ap-mumbai-1,97.84,99.0,2026-09-01T03:00:00Z,SAVE10
1361,ap-mumbai-1,53.56,101.7,2026-09-01T19:00:00Z,SAVE10
1362,ap-mumbai-1,59.35,61.7,2026-09-01T04:00:00Z,
1363,us-ashburn-1,54.77,129.9,2026-09-01T10:00:00Z,
1364,ap-mumbai-1,31.58,110.6,2026-09-01T11:00:00Z,
1365,ap-mumbai-1,60.04,142.6,2026-09-01T05:00:00Z,SAVE10
1366,us-ashburn-1,95.87,118.8,2026-09-01T03:00:00Z,SAVE10
1367,us-ashburn-1,83.09,149.0,2026-09-01T11:00:00Z,
1368,us-ashburn-1,72.99,112.3,2026-09-01T15:00:00Z,SAVE10
1369,ap-mumbai-1,80.21,160.7,2026-09-01T21:00:00Z,SAVE10
1370,us-ashburn-1,55.46,122.7,2026-09-01T08:00:00Z,SAVE10
1371,ap-mumbai-1,83.81,94.1,2026-09-01T23:00:00Z,SAVE10
1372,us-ashburn-1,49.44,88.7,2026-09-01T10:00:00Z,SAVE10
1373,ap-mumbai-1,83.53,108.2,2026-09-01T19:00:00Z,SAVE10
1374,us-ashburn-1,66.29,104.6,2026-09-01T13:00:00Z,SAVE10
1375,us-ashburn-1,76.33,130.1,2026-09-01T11:00:00Z,SAVE10
1376,ap-mumbai-1,60.0,133.0,2026-09-01T04:00:00Z,SAVE10
1377,ap-mumbai-1,54.68,127.0,2026-09-01T17:00:00Z,SAVE10
1378,us-ashburn-1,58.09,100.4,2026-09-01T13:00:00Z,
1379,ap-mumbai-1,45.97,126.6,2026-09-01T20:00:00Z,SAVE10
1380,ap-mumbai-1,34.34,155.0,2026-09-01T16:00:00Z,
1381,ap-mumbai-1,20.11,147.4,2026-09-01T19:00:00Z,
1382,ap-hyderabad-1,45.32,152.2,2026-09-01T02:00:00Z,SAVE10
1383,ap-hyderabad-1,77.79,94.0,2026-09-01T03:00:00Z,SAVE10
1384,ap-hyderabad-1,37.3,112.6,2026-09-01T06:00:00Z,
1385,ap-mumbai-1,54.24,132.7,2026-09-01T20:00:00Z,SAVE10
1386,ap-mumbai-1,87.91,145.3,2026-09-01T11:00:00Z,SAVE10
1387,ap-mumbai-1,32.55,105.9,2026-09-01T07:00:00Z,SAVE10
1388,ap-mumbai-1,56.3,105.0,2026-09-01T13:00:00Z,SAVE10
1389,ap-mumbai-1,82.49,176.2,2026-09-01T01:00:00Z,SAVE10
1390,ap-mumbai-1,59.14,119.3,2026-09-01T09:00:00Z,SAVE10
1391,ap-mumbai-1,4.46,172.8,2026-09-01T19:00:00Z,SAVE10
1392,ap-hyderabad-1,49.87,105.6,2026-09-01T04:00:00Z,SAVE10
1393,ap-hyderabad-1,54.11,132.7,2026-09-01T17:00:00Z,SAVE10
1394,us-ashburn-1,55.35,93.7,2026-09-01T20:00:00Z,SAVE10
1395,ap-mumbai-1,32.45,99.5,2026-09-01T08:00:00Z,SAVE10
1396,us-ashburn-1,83.91,143.3,2026-09-01T13:00:00Z,SAVE10
1397,ap-mumbai-1,79.05,90.7,2026-09-01T15:00:00Z,SAVE10
1398,ap-mumbai-1,42.66,124.8,2026-09-01T15:00:00Z,
1399,us-ashburn-1,98.03,128.6,2026-09-01T08:00:00Z,SAVE10
1400,us-ashburn-1,85.31,135.0,2026-09-01T12:00:00Z,
1401,ap-mumbai-1,30.18,92.4,2026-09-01T15:00:00Z,
1402,ap-hyderabad-1,74.84,161.1,2026-09-01T18:00:00Z,SAVE10
1403,us-ashburn-1,52.24,118.2,2026-09-01T10:00:00Z,SAVE10
1404,ap-mumbai-1,69.95,135.2,2026-09-01T23:00:00Z,SAVE10
1405,ap-mumbai-1,45.64,104.1,2026-09-01T21:00:00Z,
1406,ap-mumbai-1,24.02,96.0,2026-09-01T05:00:00Z,
1407,ap-mumbai-1,77.88,116.5,2026-09-01T07:00:00Z,SAVE10
1408,ap-mumbai-1,15.9,95.1,2026-09-01T04:00:00Z,SAVE10
1409,ap-hyderabad-1,71.78,83.4,2026-09-01T16:00:00Z,SAVE10
1410,us-ashburn-1,52.28,102.4,2026-09-01T18:00:00Z,SAVE10
1411,us-ashburn-1,48.08,81.1,2026-09-01T22:00:00Z,SAVE10
1412,us-ashburn-1,40.2,117.3,2026-09-01T01:00:00Z,
1413,us-ashburn-1,63.86,122.7,2026-09-01T18:00:00Z,
1414,ap-mumbai-1,56.77,92.8,2026-09-01T20:00:00Z,
1415,ap-hyderabad-1,90.45,94.9,2026-09-01T08:00:00Z,SAVE10
1416,ap-mumbai-1,64.93,90.9,2026-09-01T23:00:00Z,
1417,ap-mumbai-1,73.12,130.2,2026-09-01T23:00:00Z,SAVE10
1418,ap-hyderabad-1,103.77,97.4,2026-09-01T01:00:00Z,SAVE10
1419,us-ashburn-1,99.17,101.8,2026-09-01T11:00:00Z,
1420,ap-mumbai-1,81.65,170.0,2026-09-01T18:00:00Z,SAVE10
1421,ap-hyderabad-1,29.2,119.2,2026-09-01T07:00:00Z,
1422,us-ashburn-1,73.02,40.2,2026-09-01T19:00:00Z,SAVE10
1423,ap-mumbai-1,79.83,101.3,2026-09-01T13:00:00Z,SAVE10
1424,ap-mumbai-1,88.03,118.6,2026-09-01T15:00:00Z,SAVE10
1425,ap-mumbai-1,57.94,141.2,2026-09-01T20:00:00Z,SAVE10
1426,ap-hyderabad-1,57.41,103.7,2026-09-01T15:00:00Z,SAVE10
1427,us-ashburn-1,60.05,103.4,2026-09-01T10:00:00Z,SAVE10
1428,ap-mumbai-1,72.69,152.3,2026-09-01T22:00:00Z,SAVE10
1429,ap-hyderabad-1,47.01,129.3,2026-09-01T20:00:00Z,SAVE10
1430,ap-hyderabad-1,75.74,120.3,2026-09-01T13:00:00Z,SAVE10
1431,ap-hyderabad-1,34.93,97.4,2026-09-01T06:00:00Z,SAVE10
1432,us-ashburn-1,42.1,131.0,2026-09-01T14:00:00Z,
1433,us-ashburn-1,42.91,152.0,2026-09-01T08:00:00Z,SAVE10
1434,ap-mumbai-1,80.3,137.5,2026-09-01T17:00:00Z,SAVE10
1435,ap-mumbai-1,78.72,141.0,2026-09-01T11:00:00Z,SAVE10
1436,us-ashburn-1,72.38,124.5,2026-09-01T16:00:00Z,
1437,ap-mumbai-1,113.45,129.4,2026-09-01T01:00:00Z,SAVE10
1438,ap-mumbai-1,87.98,120.5,2026-09-01T10:00:00Z,
1439,ap-hyderabad-1,50.52,157.6,2026-09-01T23:00:00Z,
1440,ap-mumbai-1,56.02,131.5,2026-09-01T07:00:00Z,SAVE10
1441,us-ashburn-1,48.12,127.2,2026-09-01T06:00:00Z,SAVE10
1442,ap-mumbai-1,44.94,102.4,2026-09-01T08:00:00Z,SAVE10
1443,ap-hyderabad-1,46.91,119.3,2026-09-01T21:00:00Z,SAVE10
1444,us-ashburn-1,70.06,153.4,2026-09-01T09:00:00Z,SAVE10
1445,us-ashburn-1,45.08,140.4,2026-09-01T22:00:00Z,SAVE10
1446,us-ashburn-1,50.94,91.3,2026-09-01T16:00:00Z,SAVE10
1447,ap-hyderabad-1,51.47,107.4,2026-09-01T15:00:00Z,SAVE10
1448,ap-mumbai-1,54.86,155.0,2026-09-01T12:00:00Z,SAVE10
1449,us-ashburn-1,63.83,133.5,2026-09-01T04:00:00Z,SAVE10
1450,ap-hyderabad-1,56.91,92.2,2026-09-01T12:00:00Z,
1451,ap-mumbai-1,58.37,113.3,2026-09-01T18:00:00Z,
1452,ap-hyderabad-1,50.42,82.7,2026-09-01T12:00:00Z,SAVE10
1453,ap-mumbai-1,55.44,121.1,2026-09-01T20:00:00Z,SAVE10
1454,ap-mumbai-1,55.9,96.5,2026-09-01T23:00:00Z,SAVE10
1455,ap-hyderabad-1,67.8,169.5,2026-09-01T15:00:00Z,
1456,us-ashburn-1,44.96,89.6,2026-09-01T01:00:00Z,SAVE10
1457,ap-hyderabad-1,45.66,124.2,2026-09-01T03:00:00Z,
1458,ap-mumbai-1,78.84,132.9,2026-09-01T10:00:00Z,SAVE10
1459,ap-hyderabad-1,59.72,135.7,2026-09-01T07:00:00Z,SAVE10
1460,ap-hyderabad-1,48.46,127.0,2026-09-01T12:00:00Z,SAVE10
1461,ap-mumbai-1,58.49,110.8,2026-09-01T21:00:00Z,SAVE10
1462,ap-hyderabad-1,56.62,95.1,2026-09-01T06:00:00Z,SAVE10
1463,ap-hyderabad-1,42.68,117.5,2026-09-01T23:00:00Z,SAVE10
1464,us-ashburn-1,18.68,125.4,2026-09-01T04:00:00Z,
1465,ap-hyderabad-1,79.64,141.7,2026-09-01T19:00:00Z,
1466,ap-hyderabad-1,76.3,77.1,2026-09-01T00:00:00Z,SAVE10
1467,ap-mumbai-1,100.01,117.4,2026-09-01T10:00:00Z,SAVE10
1468,ap-mumbai-1,3.4,129.5,2026-09-01T17:00:00Z,SAVE10
1469,ap-mumbai-1,45.58,170.0,2026-09-01T04:00:00Z,SAVE10
1470,ap-mumbai-1,52.63,89.0,2026-09-01T08:00:00Z,SAVE10
1471,ap-hyderabad-1,70.28,110.8,2026-09-01T02:00:00Z,SAVE10
1472,ap-mumbai-1,42.9,132.3,2026-09-01T02:00:00Z,
1473,ap-mumbai-1,59.51,111.8,2026-09-01T11:00:00Z,SAVE10
1474,ap-hyderabad-1,71.59,127.8,2026-09-01T11:00:00Z,SAVE10
1475,us-ashburn-1,80.06,115.0,2026-09-01T02:00:00Z,SAVE10
1476,us-ashburn-1,53.57,129.1,2026-09-01T00:00:00Z,SAVE10
1477,ap-mumbai-1,71.99,118.2,2026-09-01T09:00:00Z,SAVE10
1478,us-ashburn-1,61.4,101.0,2026-09-01T02:00:00Z,SAVE10
1479,ap-hyderabad-1,19.57,84.8,2026-09-01T01:00:00Z,SAVE10
1480,ap-mumbai-1,91.29,138.3,2026-09-01T09:00:00Z,SAVE10
1481,ap-hyderabad-1,68.18,157.1,2026-09-01T05:00:00Z,SAVE10
1482,ap-mumbai-1,36.39,111.1,2026-09-01T22:00:00Z,SAVE10
1483,us-ashburn-1,62.81,126.2,2026-09-01T22:00:00Z,
1484,ap-mumbai-1,52.39,149.7,2026-09-01T07:00:00Z,SAVE10
1485,ap-mumbai-1,62.73,123.1,2026-09-01T23:00:00Z,
1486,ap-mumbai-1,51.07,116.3,2026-09-01T21:00:00Z,SAVE10
1487,us-ashburn-1,53.81,117.2,2026-09-01T16:00:00Z,
1488,ap-hyderabad-1,82.07,108.3,2026-09-01T05:00:00Z,
1489,us-ashburn-1,82.27,118.7,2026-09-01T19:00:00Z,SAVE10
1490,ap-mumbai-1,84.64,116.2,2026-09-01T13:00:00Z,SAVE10
1491,ap-mumbai-1,68.43,130.5,2026-09-01T18:00:00Z,
1492,ap-mumbai-1,53.0,97.9,2026-09-01T15:00:00Z,SAVE10
1493,ap-mumbai-1,58.5,154.9,2026-09-01T18:00:00Z,SAVE10
1494,ap-mumbai-1,63.34,108.3,2026-09-01T05:00:00Z,SAVE10
1495,ap-mumbai-1,44.63,78.6,2026-09-01T14:00:00Z,SAVE10
1496,ap-mumbai-1,88.68,168.4,2026-09-01T07:00:00Z,SAVE10
1497,ap-mumbai-1,42.76,119.0,2026-09-01T01:00:00Z,
1498,ap-hyderabad-1,90.97,170.9,2026-09-01T04:00:00Z,
1499,ap-mumbai-1,49.38,90.7,2026-09-01T22:00:00Z,SAVE10
